Model,Detected Attacks (TP),Detected Non-Attacks (TN),False Positives (FP),False Negatives (FN),Accuracy (%),Precision,Recall,F1-Score,ROC-AUC
SVM,609,560,31,0,97.41666666666666,0.9515625,1.0,0.9751801441152922,N/A
LR,609,546,45,0,96.25,0.9311926605504587,1.0,0.9643705463182898,0.9983301798460209
